{
    "$schema": "https://smapi.io/schemas/content-patcher.json",
    "Changes": [
        {
            "LogName": "Egg Festival setup",
            "Action": "EditData",
            "Target": "Data/Festivals/spring13",
            "TextOperations": [
                {
                    "Operation": "Append",
                    "Target": [ "Entries", "Set-Up_additionalCharacters" ],
                    "Value": "{{Honeyfuggle}} 39 72 down",
                    "Delimiter": "/"
                },
                {
                    "Operation": "Append",
                    "Target": [ "Entries", "MainEvent_additionalCharacters" ],
                    "Value": "{{Honeyfuggle}} 39 72 down",
                    "Delimiter": "/"
                },
                {
                    "Operation": "Append",
                    "Target": [ "Entries", "Set-Up_additionalCharacters_y2" ],
                    "Value": "{{Honeyfuggle}} 27 57 down",
                    "Delimiter": "/"
                },
                {
                    "Operation": "Append",
                    "Target": [ "Entries", "MainEvent_additionalCharacters_y2" ],
                    "Value": "{{Honeyfuggle}} 27 57 down",
                    "Delimiter": "/"
                }
            ],
            "When": {
                "HasSeenEvent": "{{ModId}}_Introduction"
            }
        },
        {
            "LogName": "Egg Festival dialogue",
            "Action": "EditData",
			"Target": "Data/Festivals/spring13",
            "Entries": {
                "{{Honeyfuggle}}": "{{i18n:{{ModId}}.EggFestival}}",
                "{{Honeyfuggle}}_y2": "{{i18n:{{ModId}}.EggFestival2}}"
            }
        },
        {
            "LogName": "Flower Dance setup",
            "Action": "EditData",
            "Target": "Data/Festivals/spring24",
            "TextOperations": [
                {
                    "Operation": "Append",
                    "Target": [ "Entries", "Set-Up_additionalCharacters" ],
                    "Value": "{{Honeyfuggle}} 5 32 left",
                    "Delimiter": "/"
                },
                {
                    "Operation": "Append",
                    "Target": [ "Entries", "MainEvent_additionalCharacters" ],
                    "Value": "{{Honeyfuggle}} 5 32 right",
                    "Delimiter": "/"
                },
                {
                    "Operation": "Append",
                    "Target": [ "Entries", "Set-Up_additionalCharacters_y2" ],
                    "Value": "{{Honeyfuggle}} 34 47 right",
                    "Delimiter": "/"
                }
            ],
            "When": {
                "HasSeenEvent": "{{ModId}}_Introduction"
            }
        },
        {
            "LogName": "Flower Dance dialogue",
            "Action": "EditData",
			"Target": "Data/Festivals/spring24",
            "Entries": {
                "{{Honeyfuggle}}": "{{i18n:{{ModId}}.FlowerDance}}",
                "{{Honeyfuggle}}_y2": "{{i18n:{{ModId}}.FlowerDance2}}"
            }
        },
        {
            "LogName": "Luau setup",
            "Action": "EditData",
            "Target": "Data/Festivals/summer11",
            "TextOperations": [
                {
                    "Operation": "Append",
                    "Target": [ "Entries", "Set-Up_additionalCharacters" ],
                    "Value": "{{Honeyfuggle}} 43 10 down",
                    "Delimiter": "/"
                },
                {
                    "Operation": "Append",
                    "Target": [ "Entries", "MainEvent_additionalCharacters" ],
                    "Value": "{{Honeyfuggle}} 43 10 left",
                    "Delimiter": "/"
                },
                {
                    "Operation": "Append",
                    "Target": [ "Entries", "Set-Up_additionalCharacters_y2" ],
                    "Value": "{{Honeyfuggle}} 30 16 left",
                    "Delimiter": "/"
                },
                {
                    "Operation": "Append",
                    "Target": [ "Entries", "MainEvent_additionalCharacters_y2" ],
                    "Value": "{{Honeyfuggle}} 30 16 up",
                    "Delimiter": "/"
                }
            ],
            "When": {
                "HasSeenEvent": "{{ModId}}_Introduction"
            }
        },
        {
            "LogName": "Luau dialogue",
            "Action": "EditData",
			"Target": "Data/Festivals/summer11",
            "Entries": {
                "{{Honeyfuggle}}": "{{i18n:{{ModId}}.Luau}}",
                "{{Honeyfuggle}}_y2": "{{i18n:{{ModId}}.Luau2}}"
            }
        },
        {
            "LogName": "Moonlight Jellies setup",
            "Action": "EditData",
            "Target": "Data/Festivals/summer28",
            "TextOperations": [
                {
                    "Operation": "Append",
                    "Target": [ "Entries", "Set-Up_additionalCharacters" ],
                    "Value": "{{Honeyfuggle}} 44 11 down",
                    "Delimiter": "/"
                },
                {
                    "Operation": "Append",
                    "Target": [ "Entries", "Set-Up_additionalCharacters_y2" ],
                    "Value": "{{Honeyfuggle}} 90 41 down",
                    "Delimiter": "/"
                },
                {
                    "Operation": "Append",
                    "Target": [ "Fields", "set-up_y2", 5 ],
                    "Value": "/positionOffset {{Honeyfuggle}} 0 -20 true/animate {{Honeyfuggle}} false true 100 20 20 20 20 21 21 22 22 21 21 20 20 20 20 20 20 20"
                }
            ],
            "When": {
                "HasSeenEvent": "{{ModId}}_Introduction"
            }
        },
        {
            "LogName": "Moonlight Jellies dialogue",
            "Action": "EditData",
			"Target": "Data/Festivals/summer28",
            "Entries": {
                "{{Honeyfuggle}}": "{{i18n:{{ModId}}.MoonlightJellies}}",
                "{{Honeyfuggle}}_y2": "{{i18n:{{ModId}}.MoonlightJellies2}}"
            }
        },
        {
            "LogName": "Stardew Valley Fair setup",
            "Action": "EditData",
            "Target": "Data/Festivals/fall16",
            "TextOperations": [
                {
                    "Operation": "Append",
                    "Target": [ "Entries", "Set-Up_additionalCharacters" ],
                    "Value": "{{Honeyfuggle}} 66 63 down",
                    "Delimiter": "/"
                },
                {
                    "Operation": "Append",
                    "Target": [ "Entries", "Set-Up_additionalCharacters_y2" ],
                    "Value": "{{Honeyfuggle}} 29 84 right",
                    "Delimiter": "/"
                }
            ],
            "When": {
                "HasSeenEvent": "{{ModId}}_Introduction"
            }
        },
        {
            "LogName": "Stardew Valley Fair dialogue",
            "Action": "EditData",
			"Target": "Data/Festivals/fall16",
            "Entries": {
                "{{Honeyfuggle}}": "{{i18n:{{ModId}}.StardewValleyFair}}",
                "{{Honeyfuggle}}_y2": "{{i18n:{{ModId}}.StardewValleyFair2}}"
            }
        },
        {
            "LogName": "Spirit's Eve setup",
            "Action": "EditData",
            "Target": "Data/Festivals/fall27",
            "TextOperations": [
                {
                    "Operation": "Append",
                    "Target": [ "Entries", "Set-Up_additionalCharacters" ],
                    "Value": "{{Honeyfuggle}} 32 63 down",
                    "Delimiter": "/"
                },
                {
                    "Operation": "Append",
                    "Target": [ "Entries", "Set-Up_additionalCharacters_y2" ],
                    "Value": "{{Honeyfuggle}} 33 48 left",
                    "Delimiter": "/"
                }
            ],
            "When": {
                "HasSeenEvent": "{{ModId}}_Introduction"
            }
        },
        {
            "LogName": "Spirit's Eve dialogue",
            "Action": "EditData",
			"Target": "Data/Festivals/fall27",
            "Entries": {
                "{{Honeyfuggle}}": "{{i18n:{{ModId}}.SpiritsEve.{{IdentityKnown}}}}",
                "{{Honeyfuggle}}_y2": "{{i18n:{{ModId}}.SpiritsEve2}}"
            }
        },
        {
            "LogName": "Festival of Ice setup",
            "Action": "EditData",
            "Target": "Data/Festivals/winter8",
            "TextOperations": [
                {
                    "Operation": "Append",
                    "Target": [ "Entries", "Set-Up_additionalCharacters" ],
                    "Value": "{{Honeyfuggle}} 63 24 down",
                    "Delimiter": "/"
                },
                {
					"Operation": "Append",
					"Target": ["Entries", "MainEvent_additionalCharacters"],
					"Value": "{{Honeyfuggle}} 63 24 down",
					"Delimiter": "/"
				},
                {
                    "Operation": "Append",
                    "Target": [ "Entries", "Set-Up_additionalCharacters_y2" ],
                    "Value": "{{Honeyfuggle}} 63 24 down",
                    "Delimiter": "/"
                },
                {
					"Operation": "Append",
					"Target": ["Entries", "MainEvent_additionalCharacters_y2"],
					"Value": "{{Honeyfuggle}} 63 24 down",
					"Delimiter": "/"
				}
            ],
            "When": {
                "HasSeenEvent": "{{ModId}}_Introduction"
            }
        },
        {
            "LogName": "Festival of Ice dialogue",
            "Action": "EditData",
			"Target": "Data/Festivals/winter8",
            "Entries": {
                "{{Honeyfuggle}}": "{{i18n:{{ModId}}.IceFestival}}",
                "{{Honeyfuggle}}_y2": "{{i18n:{{ModId}}.IceFestival2}}"
            }
        },
        {
            "LogName": "Winter Star setup",
            "Action": "EditData",
            "Target": "Data/Festivals/winter25",
            "TextOperations": [
                {
                    "Operation": "Append",
                    "Target": [ "Entries", "Set-Up_additionalCharacters" ],
                    "Value": "{{Honeyfuggle}} 32 77 left",
                    "Delimiter": "/"
                },
                {
                    "Operation": "Append",
                    "Target": [ "Entries", "Set-Up_additionalCharacters_y2" ],
                    "Value": "{{Honeyfuggle}} 36 73 up",
                    "Delimiter": "/"
                }
            ],
            "When": {
                "HasSeenEvent": "{{ModId}}_Introduction"
            }
        },
        {
            "LogName": "Winter Star dialogue",
            "Action": "EditData",
			"Target": "Data/Festivals/winter25",
            "Entries": {
                "{{Honeyfuggle}}": "{{i18n:{{ModId}}.WinterStar{{Solstice}}}}",
                "{{Honeyfuggle}}_y2": "{{i18n:{{ModId}}.WinterStar2}}"
            }
        }
    ]
}