{
    "$schema": "https://smapi.io/schemas/content-patcher.json",
    "Changes": [
        {
            "LogName": "Pre-intro schedule",
            "Action": "EditData",
            "Target": "Characters/Schedules/{{Honeyfuggle}}",
            "Entries": {
                "spring": "{{TentChill}}",
                "rain": "GOTO spring"
            },
            "When": {
                "HoneyfuggleInValley": false
            }
        },
        {
            "LogName": "Main schedule", 
            "Action": "EditData",
            "Target": "Characters/Schedules/{{Honeyfuggle}}",
            "Entries": {
                //After intro
                "rain": "800 {{ModId}}_Tent 3 2 2 {{ModId}}_pillows/1200 Forest 34 26 {{ModId}}_dangle/1800 {{ModId}}_Tent 3 2 2 {{ModId}}_pillows/2340 {{ModId}}_Tent 1 4 3 {{ModId}}_sleep", //Sitting on dock in Cindersap
                "Sun": "GOTO Mon",
                "Mon": "{{MondaySch}}", //Random chill activity
                "Mon_NoBridge": "900 Beach 18 15 2 square_5_2_2/1200 Beach 47 21 1/1500 Beach 16 7 0 \"Strings\\schedules\\{{Honeyfuggle}}:{{ModId}}_Beach\"/1900 Beach 14 39 2 {{ModId}}_dangle/2000 {{ModId}}_Tent 1 4 3 {{ModId}}_sleep", //Wandering around the beach, before bridge repair
                "Tue": "900 Forest 22 86 3/1100 SeedShop 13 26 1 square_0_2_1/1600 SeedShop 22 14 1/1800 Saloon 18 22 2 \"Strings\\schedules\\{{Honeyfuggle}}:{{ModId}}_Saloon\"/2300 {{ModId}}_Tent 1 4 3 {{ModId}}_sleep", //Shop at Pierre's, gossip w/ ladies, saloon visit
                "Wed": "GOTO Mon",
                "Thu": "GOTO Mon",
                "Fri": "830 Forest 28 12 3/1100 Town 31 57 3/1340 Town 35 79 0/1630 Town 50 85 2/2000 {{ModId}}_Tent 3 2 2 {{ModId}}_pillows/2340 {{ModId}}_Tent 1 4 3 {{ModId}}_sleep", //General socializing among townsfolk
                "Sat": "GOTO Mon",
                "winter_17": "800 {{ModId}}_Tent 3 2 2 {{ModId}}_pillows/1100 Forest 22 86 3/1400 Beach 29 34 2 \"Strings\\schedules\\{{Honeyfuggle}}:{{ModId}}_NightMarket\"/2430 {{ModId}}_Tent 1 4 3 {{ModId}}_sleep",
                "DesertFestival_2": "900 Desert 40 14 2 \"Strings\\1_6_Strings:DesertFestival_{{Honeyfuggle}}\"/2400 {{ModId}}_Tent 1 4 3 {{ModId}}_sleep", //Hanging out with egg lad

                //After 4 hearts, hopefully coincides with seeing event
                "Sun_4": "{{TentChill}}", //Resting in tent all day
                "Fri_4": "{{FridaySch}}", //Random socialization at Marnie's or Museum
                "Sat_4": "{{SaturdaySch}}" //Random socialization at Wizard Tower or Adv Guild
            },
            "When": {
                "HoneyfuggleInValley": true
            }
        },
        {
            "LogName": "Wizard schedule edit",
            "Action": "EditData",
            "Target": "Characters/Schedules/Wizard",
            "Entries": {
                "Sat": "a1000 Forest 5 35 1 \"Strings\\Schedules\\Wizard:{{ModId}}_Wizard\"/1500 WizardHouse 3 17 2"
            },
            "When": {
                "SaturdaySch": "{{WizardSocial}}",
                "Hearts:{{Honeyfuggle}}": "{{Range: 4, 10}}",
                "HasSeenEvent|contains={{ModId}}_10Heart": false
            }
        }
    ]
}